<annotation>
	<folder>in</folder>
	<filename>1_073.png</filename>
	<path>/home/algernon/detectron_test/in/1_073.png</path>
	<source>
		<database>Unknown</database>
	</source>
	<size>
		<width>1366</width>
		<height>768</height>
		<depth>3</depth>
	</size>
	<segmented>0</segmented>
	<object>
		<name>cat</name>
		<pose>Unspecified</pose>
		<truncated>0</truncated>
		<difficult>0</difficult>
		<bndbox>
			<xmin>667</xmin>
			<ymin>293</ymin>
			<xmax>833</xmax>
			<ymax>413</ymax>
		</bndbox>
	</object>
	<object>
		<name>dog</name>
		<pose>Unspecified</pose>
		<truncated>0</truncated>
		<difficult>0</difficult>
		<bndbox>
			<xmin>461</xmin>
			<ymin>275</ymin>
			<xmax>593</xmax>
			<ymax>389</ymax>
		</bndbox>
	</object>
</annotation>
