<annotation>
	<folder>in</folder>
	<filename>1_072.png</filename>
	<path>/home/algernon/detectron_test/in/1_072.png</path>
	<source>
		<database>Unknown</database>
	</source>
	<size>
		<width>1366</width>
		<height>768</height>
		<depth>3</depth>
	</size>
	<segmented>0</segmented>
	<object>
		<name>dog</name>
		<pose>Unspecified</pose>
		<truncated>0</truncated>
		<difficult>0</difficult>
		<bndbox>
			<xmin>912</xmin>
			<ymin>235</ymin>
			<xmax>1153</xmax>
			<ymax>452</ymax>
		</bndbox>
	</object>
	<object>
		<name>cat</name>
		<pose>Unspecified</pose>
		<truncated>0</truncated>
		<difficult>0</difficult>
		<bndbox>
			<xmin>279</xmin>
			<ymin>178</ymin>
			<xmax>548</xmax>
			<ymax>358</ymax>
		</bndbox>
	</object>
</annotation>
