<annotation>
	<folder>in</folder>
	<filename>1_069.png</filename>
	<path>/home/algernon/detectron_test/in/1_069.png</path>
	<source>
		<database>Unknown</database>
	</source>
	<size>
		<width>1366</width>
		<height>768</height>
		<depth>3</depth>
	</size>
	<segmented>0</segmented>
	<object>
		<name>cat</name>
		<pose>Unspecified</pose>
		<truncated>0</truncated>
		<difficult>0</difficult>
		<bndbox>
			<xmin>254</xmin>
			<ymin>231</ymin>
			<xmax>572</xmax>
			<ymax>473</ymax>
		</bndbox>
	</object>
	<object>
		<name>dog</name>
		<pose>Unspecified</pose>
		<truncated>0</truncated>
		<difficult>0</difficult>
		<bndbox>
			<xmin>814</xmin>
			<ymin>130</ymin>
			<xmax>1084</xmax>
			<ymax>354</ymax>
		</bndbox>
	</object>
</annotation>
