<annotation>
	<folder>in</folder>
	<filename>1_074.png</filename>
	<path>/home/algernon/detectron_test/in/1_074.png</path>
	<source>
		<database>Unknown</database>
	</source>
	<size>
		<width>1366</width>
		<height>768</height>
		<depth>3</depth>
	</size>
	<segmented>0</segmented>
	<object>
		<name>dog</name>
		<pose>Unspecified</pose>
		<truncated>0</truncated>
		<difficult>0</difficult>
		<bndbox>
			<xmin>462</xmin>
			<ymin>135</ymin>
			<xmax>605</xmax>
			<ymax>234</ymax>
		</bndbox>
	</object>
	<object>
		<name>cat</name>
		<pose>Unspecified</pose>
		<truncated>0</truncated>
		<difficult>0</difficult>
		<bndbox>
			<xmin>655</xmin>
			<ymin>106</ymin>
			<xmax>758</xmax>
			<ymax>182</ymax>
		</bndbox>
	</object>
</annotation>
