<annotation>
	<folder>in</folder>
	<filename>1_071.png</filename>
	<path>/home/algernon/detectron_test/in/1_071.png</path>
	<source>
		<database>Unknown</database>
	</source>
	<size>
		<width>1366</width>
		<height>768</height>
		<depth>3</depth>
	</size>
	<segmented>0</segmented>
	<object>
		<name>cat</name>
		<pose>Unspecified</pose>
		<truncated>0</truncated>
		<difficult>0</difficult>
		<bndbox>
			<xmin>198</xmin>
			<ymin>165</ymin>
			<xmax>475</xmax>
			<ymax>317</ymax>
		</bndbox>
	</object>
	<object>
		<name>dog</name>
		<pose>Unspecified</pose>
		<truncated>0</truncated>
		<difficult>0</difficult>
		<bndbox>
			<xmin>855</xmin>
			<ymin>128</ymin>
			<xmax>1129</xmax>
			<ymax>299</ymax>
		</bndbox>
	</object>
</annotation>
